https://ncai254.com/ ,,,,
,https://ncai254.com/about,,,
,,https://ncai254.com/about/faq,,
,,https://ncai254.com/about/website,,
,,,https://ncai254.com/about/website/api,
,,https://ncai254.com/about/job-postings,,
,https://ncai254.com/visit ,,,
,,https://ncai254.com/visit/guide,,
,,https://ncai254.com/visit/map																									,,
,,https://ncai254.com/visit/access,,
,,https://ncai254.com/visit/policies,,
,,https://ncai254.com/audio-guides,,
,,https://ncai254.com/visit/dining,,
,,https://ncai254.com/visit/groups,,
,https://ncai254.com/visit/sw-kiswahili,,,
,https://ncai254.com/support,,,
,,https://ncai254.com/support/membership ,,
,,https://ncai254.com/support/membership/current-members,,
,,https://ncai254.com/support/membership/contributing-members,,
,,https://ncai254.com/support/membership/benefits,,
,,https://ncai254.com/support/membership/reciprocal-program,,
,,https://ncai254.com/support/membership/matching-gifts,,
,,https://ncai254.com/support/membership/faq,,
,,https://ncai254.com/support/membership/member-nights,,
,https://ncai254.com/exhibitions,,,
,,https://ncai254.com/exhibitions/exhibition-title,,
,,https://ncai254.com/exhibitions/archive,,
,https://ncai254.com/events,,,
,,https://ncai254.com/events/upcoming,,
,,,https://ncai254.com/events/upcoming/exhibition-opening,
,,,,https://ncai254.com/events/upcoming/exhibition-opening/exhibition-title
,,,https://ncai254.com/events/upcoming/conversations (synonimous with artist talks),
,,,,https://ncai254.com/events/upcoming/conversations/event-title
,,,https://ncai254.com/events/upcoming/curatorial-walkabout,
,,,,https://ncai254.com/events/upcoming/curatorial-walkabout/event-title
,,,https://ncai254.com/events/upcoming/reading-group,
,,,,https://ncai254.com/events/upcoming/reading-group/event-title
,,,https://ncai254.com/events/upcoming/workshop-series,
,,,,https://ncai254.com/events/upcoming/workshop-series/workshop-series-title
,,,https://ncai254.com/events/upcoming/film-screening,
,,,,https://ncai254.com/events/upcoming/film-screening-event-title
,,,https://ncai254.com/events/upcoming/guest-talk,
,,,,https://ncai254.com/events/upcoming/guest-talk/event-title
,,,https://ncai254.com/events/upcoming/book-club,
,,,,https://ncai254.com/events/upcoming/book-club/title
,,https://ncai254.com/events/previous,,
,,,,
,https://ncai254.com/collection (note: about page),,,
,,https://ncai254.com/collection/works (archive/search page),,
,,,https://ncai254.com/collection/works/artwork-title,
,,https://ncai254.com/collection/images-and-permissions,,
,https://ncai254.com/artists,,,
,https://ncai254.com/channel,,,
,,https://ncai254.com/artistfilms (propose https://ncai254.com/channel/artist-films),,
,,,https://ncai254.com/channel/artist-films/artist-name,
,,,,
,,,,
,,,,
,,,,
,https://ncai254.com/media,,,
,https://ncai254.com/audio,,,
,https://ncai254.com/podcast,,,
,https://ncai254.com/essays,,,
,https://ncai254.com/artport ,,,
,https://ncai254.com/conservation,,,
,https://ncai254.com/research,,,
,https://ncai254.com/open-access,,,
,https://ncai254.com/shuffle,,,
,https://ncai254.com/educationaloutreach (propose ncai254.com/education),,,
,,https://ncai254.com/education/about-history,,
,,https://ncai254.com/education/public-programs,,
,,https://ncai254.com/education/access,,
,,,https://ncai254.com/visit/access/visitors-with-disabilities,
,,https://ncai254.com/education/families,,
,,https://ncai254.com/education/schools-educators,,
,,,https://ncai254.com/education/schools-educators/book-a-lesson/online-lessons,
,,,https://ncai254.com/education/schools-educators/book-a-lesson/guided-visits,
,,,https://ncai254.com/education/schools-educators/book-a-lesson/guided-visit-and-studio,
,,,https://ncai254.com/education/schools-educators/resources,
,,,https://ncai254.com/education/schools-educators/workbooks,
,,,https://ncai254.com/education/schools-educators/colleges-universities/teaching-fellows,
,,https://ncai254.com/education/teens,,
,,https://ncai254.com/education/community,,
,,https://ncai254.com/education/sw-kiswahili,,
,,,,
,,,,
,https://ncai254.com/ujuzi,,,
,https://ncai254.com/contact ,,,
,https://ncai254.com/press ,,,
,,,,
,https://ncai254.com/privacy-policy,,,
,https://ncai254.com/terms-and-conditions,,,
,,,,
,,,,
,https://ncai254.com/virtual-environment,,,